,cohens_kappa,weighted_f1,macro_f1,accuracy,krippendorff_alpha,roc_auc
0,0.9597344833982654,0.9842631042280252,0.9798672196156064,0.9842543995060203,0.9597375471009851,0.9803994584606736
