,cohens_kappa,weighted_f1,macro_f1,accuracy,krippendorff_alpha,roc_auc
0,0.9532313426555171,0.9808707502701407,0.9766140203739562,0.9809470958194598,0.9532323666782907,0.9728929157166287
