,cohens_kappa,weighted_f1,macro_f1,accuracy,krippendorff_alpha,roc_auc
0,0.9483144422619527,0.9763439592978729,0.9741568775989348,0.9763703273290723,0.9483187606447804,0.9731139305177112
