,cohens_kappa,weighted_f1,macro_f1,accuracy,krippendorff_alpha,roc_auc
0,0.9384182113418237,0.9746642449287642,0.9692080415294426,0.9745954692556634,0.9384210655764368,0.9717961396718845
