,cohens_kappa,weighted_f1,macro_f1,accuracy,krippendorff_alpha,roc_auc
0,0.9456743207066218,0.9813042650910963,0.9728370528158071,0.9812792511700468,0.9456765983311817,0.9741078775338778
